,Potable tap water,Democracy Index,Smartraveller,Cost of Living Index (2025),HDI,Crime Index (2025),Corruption Index (2024),Social Progress Index,Rainbow Europe,Gay Travel Index 2024,Pollution Index,Good weather months
Australia,TRUE,,1,60.9,0.946,41.8,77,87.77,,11,26.8,8
Germany,TRUE,,1,58.4,0.95,39.4,75,87.64,66.13,10,28.9,5
Portugal,TRUE,,1,41.2,0.874,32.1,57,84.1,67.14,12,28.8,8
Spain,TRUE,,1,43.5,0.911,36.6,56,83.87,76.41,12,35.7,8
Slovenia,TRUE,,1,46.2,0.926,23.8,60,84.6,49.97,6,22.2,7
Netherlands,TRUE,,1,60.5,0.946,26.9,78,87.73,58.95,8,21.6,6
Belgium,TRUE,,1,56.5,0.942,49.4,69,86.13,78.48,8,49.2,7
Estonia,TRUE,,1,49.4,0.899,23.7,76,85.17,46.14,6,17,
Croatia,TRUE,,1,43.2,0.878,25.5,47,80.25,50.07,2,31.2,6
Austria,TRUE,,1,60.7,0.926,29.5,67,86.73,49.64,9,20.9,7
Luxembourg,TRUE,,1,64.8,0.927,34.2,81,87.86,70.04,9,23.3,
Czechia,TRUE,,1,42.6,0.895,26.5,56,84.82,29.51,1,34.6,6
Poland,TRUE,,1,38.9,0.881,29,53,79.53,17.5,-7,55.4,7
Latvia,TRUE,,1,43.4,0.879,37.1,59,81.12,23.97,-1,30.3,
Lithuania,TRUE,,1,44,0.879,32.4,63,81.51,27.61,-4,26.3,
Bulgaria,TRUE,,1,35.4,0.799,36.1,43,76.25,23.22,-5,62.8,7
Romania,TRUE,,1,34,0.827,32.3,46,75.24,18.86,-3,58.7,5
Finland,TRUE,,1,58.7,0.942,26.8,88,89.96,70.78,9,11.8,
Sweden,TRUE,,2,54.2,0.952,48,80,89.09,64.38,9,17.6,7
Greece,TRUE,,1,46.5,0.893,26.69,49,80.09,70.78,5,49.4,5
Malta,TRUE,,1,48,0.915,43,46,82.68,87.84,12,75.5,7
Italy,TRUE,,1,47.6,0.906,46.9,54,83.61,25.41,-1,53.5,7
France,TRUE,,2,58,0.91,40.8,67,83.88,62.31,8,43.5,8
Slovakia,TRUE,,1,42.1,0.855,31,49,79.54,30.63,-2,37.1,7
Hungary,TRUE,,1,36.6,0.851,33.7,41,77.47,32.53,-5,46.5,
Ireland,TRUE,,1,59.8,0.95,47.6,77,86.57,57.17,9,35,
Cyprus,TRUE,,1,49.5,0.907,33.1,56,81.88,34.62,-1,55.3,8
Norway,TRUE,,1,69,0.966,33,81,90.32,69.53,10,18.3,
Denmark,TRUE,,1,66.9,0.952,26,90,90.38,76.35,10,20.6,
Switzerland ,TRUE,,1,98.4,0.967,26.5,81,88.88,50.35,11,23.1,
Montenegro,TRUE,,1,36.3,0.844,35.4,46,75.08,48.21,-1,43.7,6
Georgia,TRUE,,3,30.4,0.814,26.3,53,72.62,25.3,-6,67.8,
North Macedonia,TRUE,,1,30.3,0.765,41.1,40,70.24,30.5,-3,79.6,
Moldova,TRUE,,3,30.8,0.763,44.3,43,73.24,39.34,-5,61.3,
Kosovo,TRUE,,3,25.7,0.762,40.8,44,,35.75,-4,50,
Botswana,TRUE,,1,39.5,0.708,52.7,57,61.57,,-4,50,
New Zealand,TRUE,,1,55.3,0.939,48.2,83,86.06,,12,26.1,
Canada,TRUE,,1,58.7,0.935,45.7,75,86,,12,29.8,
UK,TRUE,,2,59.2,0.94,48.3,71,84.49,51.88,8,40.7,
Chile,TRUE,,2,35.1,0.86,25.74,63,78.43,,9,77.5,8
Colombia,TRUE,,3,26,0.758,38.5,39,69.83,,,62.5,
Taiwan,TRUE,,1,44.4,0.926,17.1,67,,,9,64.2,
Armenia,TRUE,,1,39.6,0.786,22.1,47,74.78,,-6,62.3,
Costa Rica,TRUE,,2,49.9,0.806,36.27,58,80.65,,7,42,
Mauritius,TRUE,,1,35.6,0.796,49.9,51,75.44,,-5,54.6,
Réunion,TRUE,,1,66,0.843,46.91,67,,,,50,
Japan,TRUE,,1,45.6,0.92,22.9,71,88.19,,-3,38.5,
Uruguay,TRUE,,1,46.3,0.83,25.49,76,80.27,,10,43.5,4
South Korea,TRUE,,1,56.5,0.929,24.9,64,86.47,,-2,60.9,
Iceland,TRUE,,1,83.4,0.959,25.7,77,89.57,83.02,10,16,
Jordan,TRUE,,2,37.2,0.736,39.9,49,68.1,,-10,77.1,9
Oman,TRUE,,1,39.8,0.819,18.3,55,71.41,,-12,35.6,
Kuwait,TRUE,,2,40.4,0.847,32.8,46,73.44,,-16,69.4,
UAE,TRUE,,2,54.1,0.937,15.5,68,72.92,,-16,48.1,
Malaysia,TRUE,,1,29.7,0.807,48.9,50,,,,61,
Seychelles,TRUE,,1,,0.802,43.63,72,,,,50,
Serbia,TRUE,,1,35.9,0.805,37.2,35,,,,65.8,
Bosnia and Herzegovina,TRUE,,2,31.6,0.779,41.7,33,,,,59.7,
Egypt,TRUE,,3,19,0.728,47.3,30,,,,82.7,
Panama,TRUE,,2,43.9,0.82,42.7,33,,,,55.6,
South Africa,TRUE,,2,30,0.717,74.7,41,,,,56.6,
Azores,TRUE,,,41.2,0.874,32.1,57,84.1,67.14,12,28.8,8
Andorra,TRUE,,1,70,0.884,15.3,,,43.23,,50,
Bahrain,TRUE,2.45,2,48.3,0.888,24.5,53,,,,71.6,
Monaco,TRUE,,2,90,,23.3,,,,,77.7,
Qatar,TRUE,,,47.5,0.875,15.8,59,,,,60,
Saudi Arabia,TRUE,2.08,2,41.9,0.875,23.9,59,,,,62.5,
Turkey,TRUE,,3,34.7,0.855,41.2,34,,,,64.3,
Ecuador,TRUE,,3,30,0.765,46,32,,,,59,
Argentina,TRUE,,2,35.7,0.849,41.07,37,,,,50.8,
Vietnam,FALSE,,1,26.6,0.726,40.8,40,69.09,,-1,84.2,
Cabo Verde,FALSE,,1,42,0.661,50.66,62,69.01,,,50,
Cook Islands,FALSE,,1,32,0.829,25.59,60,,,,50,
Fiji,FALSE,,1,32,0.729,56.6,55,67.02,,,50,
Cuba,FALSE,,2,40.8,0.764,34.4,41,67.78,,,50,
Ghana,FALSE,,3,30.6,0.602,45.4,42,,,,86.9,
Suriname,FALSE,,0,46.2,0.69,52.44,40,,,,50,
Mexico,FALSE,,3,34.5,0.781,53.4,26,,,,58.4,
Kazakhstan,FALSE,,1,26.6,0.802,45.2,40,,,,73.2,
Albania,FALSE,,2,39.9,0.789,44.7,42,,,,77,
Mongolia,FALSE,,1,30.6,0.741,27.94,33,,,,87.8,
Nepal,FALSE,,2,23,0.601,36.7,34,,,,84,
Kenya,FALSE,,3,28.2,0.628,56,32,,,,69,
"Ecuador, Galápagos",FALSE,,3,30,0.806,,32,,,,50,
Thailand,FALSE,,2,33.7,0.803,37.3,34,,,,75.7,
India,FALSE,,3,19.5,0.799,44.3,38,,,,72.9,
Philippines,FALSE,,3,28.8,0.71,43.1,33,,,,72.4,
El Salvador,FALSE,,,37.9,0.674,58.6,30,,,,50,
Indonesia,FALSE,,3,24.6,0.713,46,37,,,,68,
Sri Lanka,FALSE,,2,33.5,0.78,42.1,32,,,,57.9,
Dominican Republic,FALSE,,2,34.3,0.766,46.65,36,,,,73.2,
"Maldives, Male",FALSE,,2,45.3,0.762,54.1,38,,,,50,
Kyrgyzstan,FALSE,,3,25.4,0.701,54.3,25,,,,50,
Guatemala,FALSE,,2,36.8,0.629,57.7,25,,,,73.5,
Cambodia,FALSE,,1,33.9,0.6,51.3,21,,,,77.7,
Rwanda,FALSE,,1,34.6,0.548,26.9,57,,,,50,
Senegal,FALSE,,3,44,0.517,44.29,45,,,,50,
Tanzania,FALSE,,2,31.8,0.532,53.5,41,,,,62.5,
Timor-Leste,FALSE,,2,30,0.556,42.07,44,,,,50,
Benin,FALSE,,3,30,0.504,35.31,45,,,,50,
Uganda,FALSE,,3,26,0.55,54.1,26,,,,50,
Bolivia,FALSE,,2,25.2,0.733,49.68,28,,,,71.9,
Peru,FALSE,,3,29.4,0.762,40.86,31,,,,82.4,
Guyana,FALSE,,2,46.2,0.742,66.3,39,,,,50,
Trinidad & Tobago,FALSE,,2,48.9,0.814,50.92,41,,,,67.1,
Jamaica,FALSE,,2,50.3,0.706,52.07,44,,,,66.3,
Bhutan,FALSE,,1,25,0.681,,72,,,,50,
China,FALSE,2.11,2,30.7,0.788,24,43,,,,77.3,
Tunisia,TRUE,,3,25.5,0.732,45.1,39,65.53,,-14,70.1,
Belize,TRUE,,2,41.4,0.7,52.7,50,,,,50,
Algeria,TRUE,,3,24.5,0.745,26.72,34,,,,63.9,
Morocco,TRUE,,2,27.2,0.717,47.8,37,,,,68.7,
Azerbaijan,TRUE,,3,29.5,0.76,31.8,22,,,,72.7,
Paraguay,TRUE,,2,23,0.731,59.8,24,,,,50,
Brazil,TRUE,,2,25.6,0.76,46.8,34,,,,52.9,
Vanuatu,,,1,32,0.614,39.2,50,,,,50,
Bahamas,,,2,81.4,0.82,56.9,65,,,,50,
Bermuda,,,1,100,0.981,36.3,,,,,50,
Antigua and Barbuda,,,2,65,0.826,57.14,,,,,50,
Brunei,,,1,44.4,0.823,29.3,,,,,50,
Dominica,,,2,65,0.74,53.58,60,,,,50,
Grenada,,,2,65,0.793,24.93,56,,,,50,
Kiribati,,,1,32,0.628,3.68,,,,,50,
Marshall Islands,,,1,60,0.731,,,,,,50,
Micronesia,,,1,,0.634,44.13,,,,,50,
Palau,,,1,32,0.797,33.21,,,,,50,
Samoa,,,1,32,0.702,42.06,,,,,50,
Sao Tome & Principe,,,0,44,0.613,17.44,45,,,,50,
St Kitts & Nevis,,,2,65,0.838,40.02,,,,,50,
St Vincent and the Grenadines,,,2,65,0.772,37.78,63,,,,50,
Tuvalu,,,1,32,0.653,18.48,,,,,50,
American Samoa,,,1,60,,,,,,,50,
Anguilla,,,2,60,,,,,,,50,
Aruba,,,2,65,,,,,,,50,
Bonaire,,,2,65,,,,,,,50,
Curacao,,,2,65,,,,,,,50,
French Polynesia,,,1,60,,,,,,,50,
Guam,,,1,60,,,,,,,50,
Mayotte,,,0,66,,,,,,,50,
Montserrat,,,2,60,,,,,,,50,
Northern Mariana Islands,,,1,60,,,,,,,50,
Sint Maarten,,,2,50,,,,,,,50,
Svalbard,,,1,,,,,,,,50,
Turks and Caicos Islands,,,2,,,,,,,,50,
Barbados,,,2,70,0.809,44.9,68,,,,50,
Cayman Islands,,,2,100,,30.8,,,,,50,
Greenland,,,0,90,,35.23,,,,8,50,
Singapore,,,1,79.1,0.949,22.6,84,,,,32.6,
Uzbekistan,,2.01,3,24.2,0.727,27.9,32,,,,54,
Eswatini,,,2,44,0.61,29.26,27,,,,50,
Tajikistan,,1.83,3,30,0.679,44.78,19,,,,50,
Laos,,1.71,3,35,0.62,33.57,33,,,,50,
Gabon,,2.18,2,51,0.693,57.76,27,,,,50,
Nicaragua,,2.09,2,37,0.669,50.8,14,,,,63.13,
Equatorial Guinea,,1.92,0,40,0.65,45.66,13,,,,50,
Côte d'Ivoire,,,3,38.8,0.534,56.4,45,,,,50,
Malawi,,,2,30,0.508,57.23,34,,,,50,
Zambia,,,1,33.8,0.569,45.6,39,,,,50,
Togo,,,0,30,0.547,41.39,32,,,,50,
Republic Congo,,,0,30,0.593,51.18,23,,,,50,
Gambia,,,2,30,0.495,43.78,38,,,,50,
Sierra Leone,,,2,30,0.458,57.4,33,,,,50,
Guinea-Bissau,,2.03,0,30,0.483,51.82,21,,,,50,
Guinea,,2.04,2,30,0.471,57.77,28,,,,50,
Comoros,,,0,30,0.586,,21,,,,50,
Bangladesh,,,4,20.9,0.67,42.21,23,,,,85.4,
Cameroon,,,3,36.2,0.587,65.5,26,,,,93.7,
French Guiana,,,0,46.2,0.793,70.59,67,,,,50,
Madagascar,,,2,20.7,0.487,60.39,26,,,,50,
Namibia,,,1,29.3,0.61,63.5,49,,,,50,
Puerto Rico,,,1,58.7,,61.5,,,,,47.9,
Solomon Islands,,,2,,0.562,66.15,43,,,,50,
Zimbabwe,,,2,34.7,0.55,60.7,21,,,,76.6,
Djibouti,,,2,60,0.515,51.15,31,,,,50,
Ethiopia,,,3,43.2,0.492,50.7,37,,,,73.2,
Lesotho,,,2,30,0.521,66.83,37,,,,50,
New Caledonia,,,3,66,0.853,65.68,67,,,,,
Honduras,,,3,34.6,0.624,72,22,,,,50,
Angola,,,3,60,0.591,66.3,32,,,,50,
Papua New Guinea ,,,3,67.4,0.568,80.3,31,,,,50,
Liberia,,,2,30,0.487,81.15,27,,,,50,
"China, Hainan",,2.11,2,30.7,,,,,,,50,
"China, Tibet Autonomous Region",,2.11,2,30.7,,,,,,,50,
"Greece, Mount Athos",,,1,46.5,,,,,,,50,
Hong Kong,,,2,73.6,0.956,21.5,74,,,,66.5,
Macau,,,2,56.8,,,,,,,50,
Abkhazia,,,5,37,,,,,,,50,
Afghanistan,,0.25,5,19.9,0.462,75.1,17,,,,84.4,
Belarus,,1.99,5,25,0.801,49.8,33,,,,44.9,
"Belarus, Brest and Grodno",,1.99,5,,,,,,,,50,
Burkina Faso,,,5,30,0.438,,41,,,,50,
Burundi,,2.13,4,30,0.42,,17,,,,50,
Central African Republic,,1.18,5,30,0.387,,24,,,,50,
Chad,,1.89,4,30,0.394,,21,,,,50,
Crimea,,,5,,,,,,,,50,
DRC,,1.92,5,30,0.481,,20,,,,50,
Eritrea,,1.97,4,30,0.493,,13,,,,50,
Eritrea outside Asmara,,1.97,4,,,,,,,,50,
Haiti,,,5,30,0.552,78.9,16,,,,50,
Iran,,1.96,5,23.6,0.78,50.5,23,,,,75.2,
"Iran, Kish Island",,1.96,5,23.6,,,,,,,50,
Iraq,,,5,26.9,0.673,43.1,26,,,,71.5,
Iraqi Kurdistan,,,5,,,,,,,,50,
Israel,,,4,65.2,0.915,31.8,64,,,,56.8,
Korean Demilitarized Zone,,,5,,,,,,,,50,
Lebanon,,,5,38.8,0.723,46.8,22,,,,89.4,
Libya,,2.31,5,18.6,0.746,56.4,13,,,,50,
Mali,,2.4,5,30,0.41,,27,,,,50,
Mauritania,,,4,30,0.54,,30,,,,50,
Mozambique,,,4,38.9,0.461,60.1,25,,,,50,
Myanmar,,0.96,5,38.6,0.608,50.9,16,,,,89.8,
Niger,,2.26,5,30,0.394,,34,,,,50,
Nigeria,,,4,26.4,0.548,66.6,26,,,,87.9,
North Korea,,1.08,5,,,54.1,15,,,,50,
North Korea outside Pyongyang,,1.08,5,,,,,,,,50,
Novorossiya,,,5,,,,,,,,50,
Pakistan,,,4,17.8,0.54,43.7,27,,,,73.3,
Palestine,,,5,39.5,0.716,42.8,,,,,50,
Russia,,2.03,5,22.3,0.821,38.7,22,,,,59,
Somalia,,,5,38.7,0.38,63.9,9,,,,50,
Somaliland,,,5,30,,,,,,,50,
South Ossetia,,,5,37.21,,,,,,,50,
South Sudan,,,5,30,0.381,,8,,,,50,
"Sudan, Darfur",,1.46,5,30,0.516,,15,,,,50,
"Sudan, Khartoum",,1.46,5,30,0.628,45.5,15,,,,50,
"Sudan, outside Khartoum",,1.46,5,,,,,,,,50,
Syria,,1.32,5,23.3,0.557,68.1,12,,,,74.9,
"Tajikistan, Gorno-Badakhshan Autonomous Province",,1.83,4,,,,,,,,50,
Turkmenistan ,,1.66,4,35,0.744,,17,,,,50,
Ukraine,,,5,24.6,0.734,47,35,,,,62.1,
Venezuela,,2.25,5,35.9,0.699,80.7,10,,,,75.1,
"Yemen, outside Sana’a or Aden",,1.95,5,,0.424,63.7,13,,,,50,
"Yemen, Sana'a or Aden",,1.95,5,48.4,0.424,63.7,13,,,,50,
"Yemen, Socotra",,1.95,5,,,,,,,,,
Åland Islands,,,1,66,,,,,,,,
British Virgin Islands,,,,,,,,,,,50,
Canary Islands,,,1,43.5,0.911,,,,,,35.6,
Falkland Islands,,,,,,,,,,,50,
Faroe Islands,,,2,79.2,,,,,,,50,
"Fiji, Lau Province",,,1,,,,,,,,50,
French West Indies,,,,,,,,,,,50,
Gibraltar,,,2,60,0.94,,,,,,40.5,
Guernsey,,,2,66.1,,,,,,,50,
Isle of Man,,,2,63.7,0.94,21,,,,,40.5,
Jersey,,,2,74.3,,,,,,,50,
Liechtenstein,,,1,66.8,0.942,,,,28.44,1,50,
"Malaysia, Sabah and Sarawak",,,,,,,,,,,50,
Maldives outside Malé,,,,,,,,,,,50,
Nauru,,,1,32,,,,,,,50,
Niue,,,1,32,,,,,,,50,
Northern Cyprus,,,2,,,,,,,,50,
"Saba, Sint Eustatius",,,,,,,,,,,50,
Saint Lucia,,,,65,0.725,56.82,59,,,,50,
San Marino,,,1,51,0.867,,,,14.52,,54,
Tokelau,,,1,32,,,,,,,50,
Tonga,,,1,32,0.739,56.5,,,,,50,
U.S. Virgin Islands,,,,98.4,,59.9,,,,,50,
USA,,,,64.9,0.927,49.2,65,,,,36.7,
"Vietnam, Phú Quốc",,,,,,,,,,,50,
Wallis and Futuna,,,,,,,,,,,50,
Abruzzo,,,,,0.901,,,,,,,
Aceh,,,,,0.7536,,,,,,,
Acre,,,,,0.71,79.9,,,,,,
ACT,,,,,0.976,,,,,,,
Aegean ,,,,,0.855,,,,,,,
Aguascalientes,,,,,0.806,34.02,,,,,,
Ain Defla,,,,,0.815,-,,,,,,
Ain Temouchent,,,,,0.737,,,,,,,
Aisen,,,,,0.844,,,,,,,
Akmola,,,,,0.816,,,,,,,
Aktobe,,,,,0.794,,,,,,,
Alagoas,,,,,0.684,,,,,,,
Alajuela,,,,,0.8,45.98,,,,,,
Alentejo,,,,,0.85,,,,,,,
Algarve,,,,,0.859,,,,,,,
Algiers,,,,,0.832,51.02,,,,,,
Almaty,,,,,0.831,,,,,,,
Almaty Region,,,,,0.785,,,,,,,
Alsace,,,,,0.91,,,,,,,
Amapa,,,,,0.688,,,,,,,
Amazonas,,,,,0.7,71.58,,,,,,
Amazonas,,,,,0.708,,,,,,,
Andalusia,,,,,0.881,,,,,,,
Andaman and Nicobar Islands,,,,,0.706,,,,,,,
Andhra Pradesh,,,,,0.642,,,,,,,
Antioquia,,,,,0.763,53.16,,,,,,
Antofagasta,,,,,0.899,59.83,,,,,,
Aosta Valley,,,,,0.899,,,,,,,
Apulia,,,,,0.869,,,,,,,
Aquitaine,,,,,0.914,,,,,,,
Aragatsotn,,,,,0.77,,,,,,,
Aragon,,,,,0.915,,,,,,,
Ararat,,,,,0.764,,,,,,,
Arauca,,,,,0.731,,,,,,,
Araucania,,,,,0.814,61.34,,,,,,
Armavir,,,,,0.754,,,,,,,
Artigas,,,,,0.798,25.49,,,,,,
Arunachal pradesh,,,,,0.683,,,,,,,
Assam,,,,,0.615,,,,,,,
Astana,,,,,0.787,,,,,,,
Asturias,,,,,0.906,,,,,,,
Atacama,,,,,0.882,,,,,,,
Atlantico,,,,,0.777,67.29,,,,,,
Atyrau,,,,,0.794,,,,,,,
Auvergne,,,,,0.899,,,,,,,
Azores,,,,,0.814,,,,,,,
Azuay,,,,,0.791,45.96,,,,,,
Baden-Württemberg ,,,,,0.961,,,,,,,
Bahia,,,,,0.691,76.69,,,,,,
Baja California,,,,,0.82,62.4,,,,,,
Baja California Sur,,,,,0.815,31.74,,,,,,
Balearic Islands,,,,,0.879,,,,,,,
Bali,,,,,0.7863,,,,,,,
Bangka Belitung Islands,,,,,0.7455,,,,,,,
Bangkok,,,,,0.813,,,,,,,
Banten,,,,,0.7635,,,,,,,
Barmm,,,,,0.629,,,,,,,
Basilicata,,,,,0.88,,,,,,,
Basque Country ,,,,,0.939,,,,,,,
Batken,,,,,0.681,,,,,,,
Bavaria ,,,,,0.958,,,,,,,
Bejaia,,,,,0.815,26.72,,,,,,
Bengkulu,,,,,0.7491,,,,,,,
Beni,,,,,0.706,,,,,,,
Berlin,,,,,0.967,,,,,,,
Bicol,,,,,0.68,,,,,,,
Bihar,,,,,0.577,,,,,,,
Bio Bio,,,,,0.852,54.33,,,,,,
Bishkek,,,,,0.738,,,,,,,
Blida,,,,,0.815,34.73,,,,,,
Bocas tel Toro,,,,,0.749,,,,,,,
Bogota,,,,,0.804,66.58,,,,,,
Bolivar,,,,,0.747,51.34,,,,,,
Bolivar,,,,,0.72,,,,,,,
Bouira,,,,,0.815,17.65,,,,,,
Boumerdes,,,,,0.815,-,,,,,,
Boyaca,,,,,0.751,,,,,,,
Brandenburg ,,,,,0.926,,,,,,,
Bremen,,,,,0.954,,,,,,,
Brittany,,,,,0.909,,,,,,,
Bucuresti-Ilfov,,,,,0.926,,,,,,,
Buenos Aires,,,,,0.842,63.09,,,,,,
Buenos Aires Province,,,,,0.882,,,,,,,
Burgundy,,,,,0.889,,,,,,,
Cagayan Valley,,,,,0.718,,,,,,,
Calabarzon,,,,,0.723,,,,,,,
Calabria,,,,,0.859,,,,,,,
Caldas,,,,,0.769,38.5,,,,,,
Campania,,,,,0.868,,,,,,,
Campeche,,,,,0.78,30.76,,,,,,
Canar,,,,,0.733,,,,,,,
Canary Islands,,,,,0.876,,,,,,,
Canelones,,,,,0.832,36.27,,,,,,
Cantabria,,,,,0.91,,,,,,,
Caqueta,,,,,0.708,,,,,,,
Caraga,,,,,0.71,,,,,,,
Carchi,,,,,0.738,,,,,,,
Cartago,,,,,0.803,47.96,,,,,,
Casanare,,,,,0.741,,,,,,,
Castile y Leon,,,,,0.912,,,,,,,
Castilla-La Mancha,,,,,0.876,,,,,,,
Catalonia,,,,,0.922,,,,,,,
Catamarca,,,,,0.844,48.9,,,,,,
Cauca,,,,,0.71,74.21,,,,,,
Ceara,,,,,0.734,75.74,,,,,,
Central,,,,,0.685,,,,,,,
Central,,,,,0.732,,,,,,,
Central,,,,,0.768,57.13,,,,,,
Central,,,,,0.717,57.72,,,,,,
Central,,,,,0.74,,,,,,,
Central Anatolia,,,,,0.834,,,,,,,
Central East Anatolia,,,,,0.804,,,,,,,
Central Highlands,,,,,0.685,,,,,,,
Central Java,,,,,0.7387,,,,,,,
Central Kalimantan,,,,,0.7428,,,,,,,
Central Luzon,,,,,0.725,,,,,,,
Central Papua,,,,,0.6025,,,,,,,
Central Sulawesi,,,,,0.7224,,,,,,,
Central Thailand,,,,,0.768,,,,,,,
Central Visayas,,,,,0.694,,,,,,,
Central-East,,,,,0.78,,,,,,,
Centre,,,,,0.734,,,,,,,
Centre-North,,,,,0.699,,,,,,,
Centre-South,,,,,0.68,,,,,,,
Centre-Val de Loire,,,,,0.888,,,,,,,
Centro,,,,,0.865,,,,,,,
Centru,,,,,0.823,,,,,,,
Cerro Largo,,,,,0.798,,,,,,,
Cesar,,,,,0.72,,,,,,,
Ceuta,,,,,0.86,,,,,,,
Chaco,,,,,0.808,,,,,,,
Champagne-Ardenne,,,,,0.885,,,,,,,
Chandigarh,,,,,0.751,,,,,,,
Chhatisgarh,,,,,0.625,,,,,,,
Chiapas,,,,,0.71,,,,,,,
Chihuahua,,,,,0.796,,,,,,,
Chimborazo,,,,,0.708,,,,,,,
Chiriqui,,,,,0.819,28.83,,,,,,
Chlef,,,,,0.815,-,,,,,,
Chobe,,,,,0.683,,,,,,,
Choco,,,,,0.687,,,,,,,
Chubut,,,,,0.858,,,,,,,
Chuquisaca,,,,,0.671,,,,,,,
Chuy,,,,,0.708,,,,,,,
Coahuila,,,,,0.807,37.19,,,,,,
Cochabamba,,,,,0.688,,,,,,,
Cocle,,,,,0.792,39.22,,,,,,
Colima,,,,,0.799,,,,,,,
Colon,,,,,0.829,43.43,,,,,,
Colonia,,,,,0.798,32.72,,,,,,
Constantine,,,,,0.815,44.05,,,,,,
Coquimbo,,,,,0.856,32.83,,,,,,
Cordillera,,,,,0.738,34.8,,,,,,
Cordoba,,,,,0.841,61.61,,,,,,
Cordoba,,,,,0.707,,,,,,,
Corrientes,,,,,0.839,-,,,,,,
Corsica,,,,,0.875,,,,,,,
Cotopaxi,,,,,0.737,75,,,,,,
Cundinamarca,,,,,0.765,,,,,,,
Dadra and Nagar Haveli,,,,,0.624,,,,,,,
Daman and Diu,,,,,0.674,,,,,,,
Darien,,,,,0.719,,,,,,,
Davao,,,,,0.708,,,,,,,
Dhofar,,,,,0.819,18.36,,,,,,
Distrito Federal,,,,,0.814,58.62,,,,,,
Durango,,,,,0.781,,,,,,,
Durazno,,,,,0.804,,,,,,,
East,,,,,0.7,40.86,,,,,,
East,,,,,0.74,,,,,,,
East Black Sea,,,,,0.828,,,,,,,
East Java,,,,,0.7535,,,,,,,
East Kalimantan,,,,,0.7879,,,,,,,
East Kazakhstan,,,,,0.787,,,,,,,
East Marmara,,,,,0.864,,,,,,,
East Nusa Tenggara,,,,,0.6914,,,,,,,
Eastern,,,,,0.699,,,,,,,
Eastern,,,,,0.66,,,,,,,
Eastern Visayas,,,,,0.696,,,,,,,
El Oro,,,,,0.755,59.44,,,,,,
Embera Wounaan,,,,,0.64,,,,,,,
Emilia-Romagna,,,,,0.935,,,,,,,
Entre Rios,,,,,0.836,,,,,,,
Esmeraldas,,,,,0.706,92.65,,,,,,
Espirito Santo,,,,,0.771,45.34,,,,,,
Extremadura,,,,,0.876,,,,,,,
Flores,,,,,0.822,,,,,,,
Florida,,,,,0.822,,,,,,,
Formosa,,,,,0.822,46.08,,,,,,
Franche-Comte,,,,,0.89,,,,,,,
French Guiana ,,,,,0.82,70.59,,,,,,
Friuli-Venezia Giulia,,,,,0.918,,,,,,,
Galapagos,,,,,0.838,,,,,,,
Galicia,,,,,0.91,,,,,,,
Gegharkunik,,,,,0.748,,,,,,,
Ghanzi,,,,,0.658,,,,,,,
Goa,,,,,0.76,,,,,,,
Goias,,,,,0.737,57.31,,,,,,
Gorontalo,,,,,0.7201,,,,,,,
Greater Poland,,,,,0.882,,,,,,,
Guadeloupe,,,,,0.872,,,,,,,
Guainia,,,,,0.661,,,,,,,
Guanacaste,,,,,0.79,80.15,,,,,,
Guanajuato,,,,,0.769,49.94,,,,,,
Guaviare,,,,,0.746,,,,,,,
Guayas,,,,,0.771,74.34,,,,,,
Guerrero,,,,,0.727,,,,,,,
Gujarat,,,,,0.646,,,,,,,
Hamburg ,,,,,0.975,,,,,,,
Haryana,,,,,0.696,,,,,,,
Hauts Plateaux Center,,,,,0.722,,,,,,,
Hauts Plateaux East,,,,,0.737,,,,,,,
Hauts Plateaux West,,,,,0.73,,,,,,,
Heredia,,,,,0.833,50.83,,,,,,
Herrera,,,,,0.819,,,,,,,
Hesse,,,,,0.954,,,,,,,
Hidalgo,,,,,0.772,43.16,,,,,,
Highland Papua,,,,,0.5443,,,,,,,
Himachal Pradesh,,,,,0.715,,,,,,,
Huila,,,,,0.717,66.67,,,,,,
Ile-de-France,,,,,0.96,,,,,,,
Ilocos,,,,,0.709,,,,,,,
Imbabura,,,,,0.73,11.13,,,,,,
Issyk-Kul,,,,,0.701,,,,,,,
Istanbul,,,,,0.888,,,,,,,
Jakarta,,,,,0.8415,,,,,,,
Jalal-Abad,,,,,0.677,,,,,,,
Jalisco,,,,,0.799,62.21,,,,,,
Jambi,,,,,0.7436,,,,,,,
Jambyl,,,,,0.785,,,,,,,
Jammu and Kashmir,,,,,0.72,,,,,,,
Jharkand,,,,,0.6,,,,,,,
Johor,,,,,0.796,,,,,,,
Jujuy,,,,,0.84,,,,,,,
Karaganda,,,,,0.823,,,,,,,
Karnataka,,,,,0.673,,,,,,,
Kedah,,,,,0.77,,,,,,,
Kelantan,,,,,0.755,,,,,,,
Kerala,,,,,0.758,,,,,,,
Kgalagadi,,,,,0.675,,,,,,,
Kgatleng,,,,,0.722,,,,,,,
Khangai,,,,,0.684,,,,,,,
Kostanay,,,,,0.816,,,,,,,
Kotayk,,,,,0.792,,,,,,,
Kuala Lumpur,,,,,0.89,,,,,,,
Kuna Yala,,,,,0.608,,,,,,,
Kuyavia-Pomerania,,,,,0.869,,,,,,,
Kweneng,,,,,0.693,,,,,,,
Kyzylorda,,,,,0.785,,,,,,,
La Guajira,,,,,0.687,,,,,,,
La Pampa,,,,,0.861,,,,,,,
La Paz,,,,,0.699,,,,,,,
La Rioja,,,,,0.84,56.62,,,,,,
La Rioja,,,,,0.916,,,,,,,
Labuan,,,,,0.843,,,,,,,
Lakshadweep,,,,,0.719,,,,,,,
Lampung,,,,,0.7313,,,,,,,
Languedoc-Roussillon,,,,,0.905,,,,,,,
Lavalleja,,,,,0.822,,,,,,,
Lazio,,,,,0.929,,,,,,,
Lesser Poland,,,,,0.891,,,,,,,
Liguria,,,,,0.913,,,,,,,
Limon,,,,,0.765,67.59,,,,,,
Limousin,,,,,0.889,,,,,,,
Lisbon,,,,,0.907,,,,,,,
Lodz,,,,,0.874,,,,,,,
Loja,,,,,0.747,32.37,,,,,,
Lombardy,,,,,0.927,,,,,,,
Lori,,,,,0.765,22.79,,,,,,
Lorraine,,,,,0.881,,,,,,,
Los Lagos,,,,,0.821,51.39,,,,,,
Los Rios,,,,,0.712,73.53,,,,,,
Los Santos,,,,,0.814,17.65,,,,,,
Lower Normandy,,,,,0.884,,,,,,,
Lower Saxony ,,,,,0.936,,,,,,,
Lower Silesia,,,,,0.894,,,,,,,
Lublin,,,,,0.863,,,,,,,
Lubusz,,,,,0.869,,,,,,,
Madeira,,,,,0.829,,,,,,,
Madhya Pradesh,,,,,0.611,,,,,,,
Madrid,,,,,0.942,,,,,,,
Magallanes,,,,,0.89,14.74,,,,,,
Magdalena,,,,,0.717,,,,,,,
Magystau,,,,,0.794,,,,,,,
Maharashtra,,,,,0.695,,,,,,,
Malacca,,,,,0.822,,,,,,,
Maldonado,,,,,0.832,43.47,,,,,,
Maluku,,,,,0.734,,,,,,,
Manabi,,,,,0.717,54.41,,,,,,
Manipur,,,,,0.683,,,,,,,
Maranhao,,,,,0.676,,,,,,,
Marche,,,,,0.915,,,,,,,
Martinique,,,,,0.86,,,,,,,
Mascara,,,,,0.737,,,,,,,
Masovia,,,,,0.931,,,,,,,
Mato Grosso,,,,,0.736,54.33,,,,,,
Mato Grosso do Sul,,,,,0.742,54.57,,,,,,
Maule,,,,,0.814,67.16,,,,,,
Mayotte,,,,,0.8,,,,,,,
Mecklenburg-Vorpommern ,,,,,0.922,,,,,,,
Medea,,,,,0.815,34.19,,,,,,
Mediterranean ,,,,,0.844,,,,,,,
Meghalaya,,,,,0.65,,,,,,,
Mekong River Delta,,,,,0.684,,,,,,,
Melilla,,,,,0.867,,,,,,,
Mendoza,,,,,0.848,65.19,,,,,,
Meta,,,,,0.769,,,,,,,
Mexico City,,,,,0.847,67.07,,,,,,
Michoacan,,,,,0.758,,,,,,,
Midi-Pyrenees,,,,,0.92,,,,,,,
Mimaropa,,,,,0.694,,,,,,,
Minas Gerais,,,,,0.774,59.64,,,,,,
Misiones,,,,,0.842,,,,,,,
Mizoram,,,,,0.709,,,,,,,
Molise,,,,,0.885,,,,,,,
Montevideo,,,,,0.846,56.35,,,,,,
Morelos,,,,,0.788,72.09,,,,,,
Morona Santiago,,,,,0.699,,,,,,,
Mostaganem,,,,,0.737,,,,,,,
Murcia,,,,,0.885,,,,,,,
Muscat,,,,,0.819,18.94,,,,,,
Nagaland,,,,,0.679,,,,,,,
Napo,,,,,0.725,,,,,,,
Narino,,,,,0.713,,,,,,,
Naryn,,,,,0.683,,,,,,,
National Capital Region,,,,,0.743,,,,,,,
Navarre ,,,,,0.928,,,,,,,
Nayarit,,,,,0.789,54.51,,,,,,
Negeri Sembilan,,,,,0.82,,,,,,,
Neuquen,,,,,0.832,,,,,,,
New Delhi,,,,,0.734,,,,,,,
New South Wales,,,,,0.946,,,,,,,
Ngobe Bugle,,,,,0.588,,,,,,,
Nord-Est,,,,,0.785,,,,,,,
Nord-Pas-de-Calais,,,,,0.895,,,,,,,
Nord-Vest,,,,,0.831,,,,,,,
Norte,,,,,0.862,,,,,,,
Norte de Santander,,,,,0.74,61.68,,,,,,
North,,,,,0.73,64.46,,,,,,
North Central Coast,,,,,0.711,,,,,,,
North East,,,,,0.741,,,,,,,
North East,,,,,0.702,65.81,,,,,,
North East Anatolia ,,,,,0.809,,,,,,,
North Kalimantan,,,,,0.7341,,,,,,,
North Kazakhstan,,,,,0.816,,,,,,,
North Maluku,,,,,0.7184,,,,,,,
North Rhine Westphalia ,,,,,0.946,,,,,,,
North Sulawesi,,,,,0.7568,,,,,,,
North Sumatra,,,,,0.7676,,,,,,,
North-East,,,,,0.726,,,,,,,
North-East,,,,,0.71,55.52,,,,,,
North-West,,,,,0.672,,,,,,,
North-West,,,,,0.704,-,,,,,,
Northeast,,,,,0.685,,,,,,,
Northeastern Thailand,,,,,0.749,,,,,,,
Northern Mindanao,,,,,0.712,,,,,,,
Northern Territory ,,,,,0.932,,,,,,,
Northern Thailand,,,,,0.747,,,,,,,
Northwest,,,,,0.717,,,,,,,
Northwest,,,,,0.685,,,,,,,
Nuble,,,,,0.847,25.74,,,,,,
Nuevo Leon,,,,,0.816,48.12,,,,,,
Oaxaca,,,,,0.723,40.87,,,,,,
OHiggins,,,,,0.847,68.42,,,,,,
Opole,,,,,0.872,,,,,,,
Oran,,,,,0.815,63.68,,,,,,
Orellana,,,,,0.83,,,,,,,
Orissa,,,,,0.61,,,,,,,
Oruro,,,,,0.707,,,,,,,
Osh,,,,,0.679,,,,,,,
Pahang,,,,,0.801,,,,,,,
Panama,,,,,0.852,47.33,,,,,,
Pando,,,,,0.724,,,,,,,
Papua,,,,,0.7383,,,,,,,
Para,,,,,0.69,,,,,,,
Paraiba,,,,,0.698,,,,,,,
Parana,,,,,0.769,60.94,,,,,,
Pastaza,,,,,0.774,,,,,,,
Pavlodar,,,,,0.816,,,,,,,
Pays de la Loire,,,,,0.912,,,,,,,
Paysandu,,,,,0.789,,,,,,,
Penang,,,,,0.839,,,,,,,
Perak,,,,,0.79,,,,,,,
Perlis,,,,,0.77,,,,,,,
Pernambuco,,,,,0.719,75.59,,,,,,
Piaui,,,,,0.69,,,,,,,
Picardy,,,,,0.877,,,,,,,
Pichincha,,,,,0.841,63.17,,,,,,
Piedmont,,,,,0.912,,,,,,,
Podkarpackie,,,,,0.871,,,,,,,
Podlaskie,,,,,0.875,,,,,,,
Poitou-Charentes,,,,,0.901,,,,,,,
Pomerania,,,,,0.896,,,,,,,
Potosi,,,,,0.612,,,,,,,
Provence-Alpes-Cote d'Azur,,,,,0.921,,,,,,,
Puducherry,,,,,0.741,,,,,,,
Puebla,,,,,0.755,58.07,,,,,,
Punjab,,,,,0.698,,,,,,,
Puntarenas,,,,,0.783,52.94,,,,,,
Putrajaya,,,,,0.89,,,,,,,
Putumayo,,,,,0.708,,,,,,,
Queensland,,,,,0.935,,,,,,,
Queretaro,,,,,0.797,37.62,,,,,,
Quindio,,,,,0.775,54.89,,,,,,
Quintana Roo,,,,,0.79,55.43,,,,,,
Rajasthan,,,,,0.652,,,,,,,
Red River Delta,,,,,0.768,,,,,,,
Relizane,,,,,0.737,-,,,,,,
Reunion ,,,,,0.856,,,,,,,
Rhineland-Palatinate ,,,,,0.938,,,,,,,
Rhone-Alpes,,,,,0.93,,,,,,,
Riau,,,,,0.7567,,,,,,,
Riau Islands,,,,,0.7989,,,,,,,
Rio de Janeiro,,,,,0.762,75.28,,,,,,
Rio Grande do Norte,,,,,0.728,75.87,,,,,,
Rio Grande do Sul,,,,,0.771,70.75,,,,,,
Rio Negro,,,,,0.844,,,,,,,
Rio Negro,,,,,0.789,,,,,,,
Risaralda,,,,,0.752,43.23,,,,,,
Rivera,,,,,0.798,,,,,,,
Rocha,,,,,0.832,,,,,,,
Rondonia,,,,,0.7,77.23,,,,,,
Roraima,,,,,0.699,,,,,,,
Saarland ,,,,,0.934,,,,,,,
Sabah,,,,,0.766,,,,,,,
Salta,,,,,0.844,51.26,,,,,,
Salto,,,,,0.789,56.3,,,,,,
"San Adres, Providencia and Santa Catalina",,,,,0.78,,,,,,,
San Jose,,,,,0.824,36.27,,,,,,
San Jose,,,,,0.798,32.72,,,,,,
San Juan,,,,,0.838,,,,,,,
San Luis,,,,,0.843,41.07,,,,,,
San Luis Potosi,,,,,0.772,52.49,,,,,,
Santa Catarina,,,,,0.792,46.8,,,,,,
Santa Cruz,,,,,0.854,,,,,,,
Santa Cruz,,,,,0.758,66.27,,,,,,
Santa Elena,,,,,0.708,,,,,,,
Santa Fe,,,,,0.841,68.54,,,,,,
Santander,,,,,0.768,53.12,,,,,,
Santiago,,,,,0.908,64.02,,,,,,
Santiago del Estero,,,,,0.833,,,,,,,
Santo Domingo de los Tsachilas,,,,,0.727,,,,,,,
Sao Paulo,,,,,0.806,65.99,,,,,,
Sarawak,,,,,0.813,,,,,,,
Sardinia,,,,,0.879,,,,,,,
Saxony,,,,,0.944,,,,,,,
Saxony-Anhalt ,,,,,0.921,,,,,,,
Schleswig-Holstein ,,,,,0.929,,,,,,,
Selangor,,,,,0.837,,,,,,,
Sergipe,,,,,0.702,60.42,,,,,,
Severen Tsentralen,,,,,0.768,36.27,,,,,,
Severoiztochen,,,,,0.777,34.71,,,,,,
Severozapaden,,,,,0.743,30.29,,,,,,
Shirak,,,,,0.782,,,,,,,
Sicilia,,,,,0.859,,,,,,,
Sidi Bel Abbes,,,,,0.737,71.08,,,,,,
Sikkim,,,,,0.712,,,,,,,
Silesia,,,,,0.889,,,,,,,
Sinaloa,,,,,0.816,,,,,,,
Soccsksargen,,,,,0.684,,,,,,,
Sonora,,,,,0.814,,,,,,,
Soriano,,,,,0.798,32.72,,,,,,
South,,,,,0.737,,,,,,,
South,,,,,0.681,,,,,,,
South,,,,,0.782,42.87,,,,,,
South,,,,,0.73,,,,,,,
South Australia,,,,,0.933,,,,,,,
South Central Coast,,,,,0.711,,,,,,,
South East Anatolia,,,,,0.805,,,,,,,
South Kalimantan,,,,,0.7519,,,,,,,
South Papua,,,,,0.6886,,,,,,,
South Sulawesi,,,,,0.7518,,,,,,,
South Sumatra,,,,,0.7384,,,,,,,
South-East,,,,,0.787,53.83,,,,,,
South-East,,,,,0.719,58.21,,,,,,
South-West,,,,,0.714,-,,,,,,
Southeast,,,,,0.737,,,,,,,
Southeast Sulawesi,,,,,0.7362,,,,,,,
Southern,,,,,0.691,,,,,,,
Southern Thailand,,,,,0.755,,,,,,,
Southwest Papua,,,,,0.6965,,,,,,,
State of Mexico,,,,,0.795,64.3,,,,,,
Sucre,,,,,0.734,,,,,,,
Sucumbios,,,,,0.811,,,,,,,
Sud,,,,,0.785,,,,,,,
Sud-Est,,,,,0.796,,,,,,,
Sud-Vest,,,,,0.806,,,,,,,
Swietokrzyskie,,,,,0.865,,,,,,,
Syunik,,,,,779,,,,,,,
Tabasco,,,,,0.784,50.29,,,,,,
Tacuarembo,,,,,0.804,,,,,,,
Talas,,,,,0.678,,,,,,,
Tamaulipas,,,,,0.802,,,,,,,
Tamil Nadu,,,,,0.692,,,,,,,
"Tarapaca (Arica, Parinacota)",,,,,0.905,70.68,,,,,,
Tarija,,,,,0.722,49.68,,,,,,
Tashkent,,,,,0.84,,,,,,,
Tasmania,,,,,0.923,,,,,,,
Tavush,,,,,0.773,,,,,,,
Telangana,,,,,0.66,,,,,,,
Tensfit,,,,,0.66,,,,,,,
Terengganu,,,,,0.782,,,,,,,
Thuringia,,,,,0.928,,,,,,,
"Tierra del Fuego, Antartida e Islas del Atlantico Sur",,,,,0.856,,,,,,,
Tipaza,,,,,0.815,-,,,,,,
Tizi Ouzou,,,,,0.815,57.84,,,,,,
Tlaxcala,,,,,0.782,21.47,,,,,,
Tlemcen,,,,,0.737,52.57,,,,,,
Tocantins,,,,,0.731,37.94,,,,,,
Tolima,,,,,0.737,63.49,,,,,,
Treinta y tres,,,,,0.798,,,,,,,
Trentino,,,,,0.934,,,,,,,
Tripura,,,,,0.624,,,,,,,
Tucuman,,,,,0.841,,,,,,,
Tunguraha,,,,,0.766,68.52,,,,,,
Turkistan,,,,,0.785,,,,,,,
Tuscany,,,,,0.921,,,,,,,
Ulaanbaatar,,,,,0.783,52.52,,,,,,
Umbria,,,,,0.908,,,,,,,
Upper Normandy,,,,,0.902,,,,,,,
Uttar Pradesh,,,,,0.609,,,,,,,
Uttarakhand,,,,,0.681,,,,,,,
Valencia,,,,,0.897,,,,,,,
Valle del Cauca,,,,,0.782,71.58,,,,,,
Valparaiso,,,,,0.894,67.99,,,,,,
Vaupes,,,,,0.631,,,,,,,
Vayots Dzor,,,,,0.782,,,,,,,
Veneto,,,,,0.914,,,,,,,
Veracruz,,,,,0.757,47.8,,,,,,
Veraguas,,,,,0.759,,,,,,,
Vest,,,,,0.831,,,,,,,
Vichada,,,,,0.745,,,,,,,
Victoria,,,,,0.942,,,,,,,
Warmia-Masuria,,,,,0.853,,,,,,,
West,,,,,0.82,26.47,,,,,,
West,,,,,0.745,,,,,,,
West Anatolia,,,,,0.871,,,,,,,
West Bengal,,,,,0.635,,,,,,,
West Black Sea,,,,,0.827,,,,,,,
West Java,,,,,0.7492,,,,,,,
West Kalimantan,,,,,0.7119,,,,,,,
West Kazakhstan,,,,,0.794,,,,,,,
West Marmara,,,,,0.858,,,,,,,
West Nusa Tenggara,,,,,0.731,,,,,,,
West Papua,,,,,0.6769,,,,,,,
West Pomerania,,,,,0.873,,,,,,,
West Sulawesi,,,,,0.7046,,,,,,,
West Sumatra,,,,,0.7643,,,,,,,
Western,,,,,0.674,,,,,,,
Western Australia ,,,,,0.969,,,,,,,
Western Visayas,,,,,0.713,,,,,,,
Yerevan,,,,,0.821,22.56,,,,,,
Yogyakarta,,,,,0.8162,,,,,,,
Yucatan,,,,,0.784,24.18,,,,,,
Yugoiztochen,,,,,0.766,38.24,,,,,,
Yugozapaden,,,,,0.856,39.13,,,,,,
Yuzhen Tsentralen,,,,,0.772,26.01,,,,,,
Zacatecas,,,,,0.777,,,,,,,
Zamboanga,,,,,0.674,,,,,,,
Zamora Chinchipe,,,,,0.799,,,,,,,